{"0": {"precision": 0.1154639175257732, "recall": 1.0, "f1-score": 0.20702402957486138, "support": 56.0}, "1": {"precision": 0.0, "recall": 0.0, "f1-score": 0.0, "support": 296.0}, "2": {"precision": 0.0, "recall": 0.0, "f1-score": 0.0, "support": 133.0}, "accuracy": 0.1154639175257732, "macro avg": {"precision": 0.03848797250859107, "recall": 0.3333333333333333, "f1-score": 0.06900800985828713, "support": 485.0}, "weighted avg": {"precision": 0.013331916250398555, "recall": 0.1154639175257732, "f1-score": 0.023903805476685025, "support": 485.0}}